Networks/cartpole.onnx,Properties/cartpole_case_safe_14.vnnlib
Networks/cartpole.onnx,Properties/cartpole_case_safe_27.vnnlib
Networks/cartpole.onnx,Properties/cartpole_case_safe_39.vnnlib
Networks/cartpole.onnx,Properties/cartpole_case_safe_45.vnnlib
Networks/cartpole.onnx,Properties/cartpole_case_safe_46.vnnlib
Networks/cartpole.onnx,Properties/cartpole_case_safe_47.vnnlib
Networks/cartpole.onnx,Properties/cartpole_case_safe_48.vnnlib
Networks/cartpole.onnx,Properties/cartpole_case_safe_49.vnnlib
Networks/cartpole.onnx,Properties/cartpole_case_safe_50.vnnlib
Networks/cartpole.onnx,Properties/cartpole_case_safe_51.vnnlib
Networks/cartpole.onnx,Properties/cartpole_case_safe_52.vnnlib
Networks/cartpole.onnx,Properties/cartpole_case_safe_53.vnnlib
Networks/cartpole.onnx,Properties/cartpole_case_safe_54.vnnlib
Networks/cartpole.onnx,Properties/cartpole_case_safe_55.vnnlib
Networks/cartpole.onnx,Properties/cartpole_case_safe_56.vnnlib
Networks/cartpole.onnx,Properties/cartpole_case_safe_57.vnnlib
Networks/cartpole.onnx,Properties/cartpole_case_safe_58.vnnlib
Networks/cartpole.onnx,Properties/cartpole_case_safe_59.vnnlib
Networks/cartpole.onnx,Properties/cartpole_case_safe_60.vnnlib
Networks/cartpole.onnx,Properties/cartpole_case_safe_61.vnnlib
Networks/cartpole.onnx,Properties/cartpole_case_safe_62.vnnlib
Networks/cartpole.onnx,Properties/cartpole_case_safe_63.vnnlib
Networks/cartpole.onnx,Properties/cartpole_case_safe_64.vnnlib
Networks/cartpole.onnx,Properties/cartpole_case_safe_65.vnnlib
Networks/cartpole.onnx,Properties/cartpole_case_safe_66.vnnlib
Networks/cartpole.onnx,Properties/cartpole_case_safe_67.vnnlib
Networks/cartpole.onnx,Properties/cartpole_case_safe_68.vnnlib
Networks/cartpole.onnx,Properties/cartpole_case_safe_69.vnnlib
Networks/cartpole.onnx,Properties/cartpole_case_safe_70.vnnlib
Networks/cartpole.onnx,Properties/cartpole_case_safe_71.vnnlib
Networks/cartpole.onnx,Properties/cartpole_case_safe_72.vnnlib
Networks/cartpole.onnx,Properties/cartpole_case_safe_73.vnnlib
Networks/cartpole.onnx,Properties/cartpole_case_safe_74.vnnlib
Networks/cartpole.onnx,Properties/cartpole_case_safe_75.vnnlib
Networks/cartpole.onnx,Properties/cartpole_case_safe_76.vnnlib
Networks/cartpole.onnx,Properties/cartpole_case_safe_77.vnnlib
Networks/cartpole.onnx,Properties/cartpole_case_safe_78.vnnlib
Networks/cartpole.onnx,Properties/cartpole_case_safe_79.vnnlib
Networks/cartpole.onnx,Properties/cartpole_case_safe_80.vnnlib
Networks/cartpole.onnx,Properties/cartpole_case_safe_81.vnnlib
Networks/cartpole.onnx,Properties/cartpole_case_safe_82.vnnlib
Networks/cartpole.onnx,Properties/cartpole_case_safe_83.vnnlib
Networks/cartpole.onnx,Properties/cartpole_case_safe_84.vnnlib
Networks/cartpole.onnx,Properties/cartpole_case_safe_85.vnnlib
Networks/cartpole.onnx,Properties/cartpole_case_safe_86.vnnlib
Networks/cartpole.onnx,Properties/cartpole_case_safe_87.vnnlib
Networks/cartpole.onnx,Properties/cartpole_case_safe_88.vnnlib
Networks/cartpole.onnx,Properties/cartpole_case_safe_89.vnnlib
Networks/cartpole.onnx,Properties/cartpole_case_safe_9.vnnlib
Networks/cartpole.onnx,Properties/cartpole_case_safe_90.vnnlib
Networks/cartpole.onnx,Properties/cartpole_case_safe_91.vnnlib
Networks/cartpole.onnx,Properties/cartpole_case_safe_92.vnnlib
Networks/cartpole.onnx,Properties/cartpole_case_safe_93.vnnlib
Networks/cartpole.onnx,Properties/cartpole_case_safe_94.vnnlib
Networks/cartpole.onnx,Properties/cartpole_case_safe_95.vnnlib
Networks/cartpole.onnx,Properties/cartpole_case_safe_96.vnnlib
Networks/cartpole.onnx,Properties/cartpole_case_safe_97.vnnlib
Networks/cartpole.onnx,Properties/cartpole_case_safe_98.vnnlib
Networks/cartpole.onnx,Properties/cartpole_case_safe_99.vnnlib
Networks/cartpole.onnx,Properties/cartpole_case_unsafe_0.vnnlib
Networks/cartpole.onnx,Properties/cartpole_case_unsafe_1.vnnlib
Networks/cartpole.onnx,Properties/cartpole_case_unsafe_10.vnnlib
Networks/cartpole.onnx,Properties/cartpole_case_unsafe_11.vnnlib
Networks/cartpole.onnx,Properties/cartpole_case_unsafe_12.vnnlib
Networks/cartpole.onnx,Properties/cartpole_case_unsafe_13.vnnlib
Networks/cartpole.onnx,Properties/cartpole_case_unsafe_15.vnnlib
Networks/cartpole.onnx,Properties/cartpole_case_unsafe_16.vnnlib
Networks/cartpole.onnx,Properties/cartpole_case_unsafe_17.vnnlib
Networks/cartpole.onnx,Properties/cartpole_case_unsafe_18.vnnlib
Networks/cartpole.onnx,Properties/cartpole_case_unsafe_19.vnnlib
Networks/cartpole.onnx,Properties/cartpole_case_unsafe_2.vnnlib
Networks/cartpole.onnx,Properties/cartpole_case_unsafe_20.vnnlib
Networks/cartpole.onnx,Properties/cartpole_case_unsafe_21.vnnlib
Networks/cartpole.onnx,Properties/cartpole_case_unsafe_22.vnnlib
Networks/cartpole.onnx,Properties/cartpole_case_unsafe_23.vnnlib
Networks/cartpole.onnx,Properties/cartpole_case_unsafe_24.vnnlib
Networks/cartpole.onnx,Properties/cartpole_case_unsafe_25.vnnlib
Networks/cartpole.onnx,Properties/cartpole_case_unsafe_26.vnnlib
Networks/cartpole.onnx,Properties/cartpole_case_unsafe_28.vnnlib
Networks/cartpole.onnx,Properties/cartpole_case_unsafe_29.vnnlib
Networks/cartpole.onnx,Properties/cartpole_case_unsafe_3.vnnlib
Networks/cartpole.onnx,Properties/cartpole_case_unsafe_30.vnnlib
Networks/cartpole.onnx,Properties/cartpole_case_unsafe_31.vnnlib
Networks/cartpole.onnx,Properties/cartpole_case_unsafe_32.vnnlib
Networks/cartpole.onnx,Properties/cartpole_case_unsafe_33.vnnlib
Networks/cartpole.onnx,Properties/cartpole_case_unsafe_34.vnnlib
Networks/cartpole.onnx,Properties/cartpole_case_unsafe_35.vnnlib
Networks/cartpole.onnx,Properties/cartpole_case_unsafe_36.vnnlib
Networks/cartpole.onnx,Properties/cartpole_case_unsafe_37.vnnlib
Networks/cartpole.onnx,Properties/cartpole_case_unsafe_38.vnnlib
Networks/cartpole.onnx,Properties/cartpole_case_unsafe_4.vnnlib
Networks/cartpole.onnx,Properties/cartpole_case_unsafe_40.vnnlib
Networks/cartpole.onnx,Properties/cartpole_case_unsafe_41.vnnlib
Networks/cartpole.onnx,Properties/cartpole_case_unsafe_42.vnnlib
Networks/cartpole.onnx,Properties/cartpole_case_unsafe_43.vnnlib
Networks/cartpole.onnx,Properties/cartpole_case_unsafe_44.vnnlib
Networks/cartpole.onnx,Properties/cartpole_case_unsafe_5.vnnlib
Networks/cartpole.onnx,Properties/cartpole_case_unsafe_6.vnnlib
Networks/cartpole.onnx,Properties/cartpole_case_unsafe_7.vnnlib
Networks/cartpole.onnx,Properties/cartpole_case_unsafe_8.vnnlib