Networks/NET_0_1.5_5,Properties/prop_outbounds.vnnlib
Networks/NET_1_1.5_5,Properties/prop_outbounds.vnnlib
Networks/NET_2_1.5_5,Properties/prop_outbounds.vnnlib
Networks/NET_0_1.5_5,Properties/prop_far0_eps0.vnnlib
Networks/NET_1_1.5_5,Properties/prop_far0_eps0.vnnlib
Networks/NET_2_1.5_5,Properties/prop_far0_eps0.vnnlib
Networks/NET_0_1.5_5,Properties/prop_far0_eps20.vnnlib
Networks/NET_1_1.5_5,Properties/prop_far0_eps20.vnnlib
Networks/NET_2_1.5_5,Properties/prop_far0_eps20.vnnlib
Networks/NET_0_1.5_5,Properties/prop_near0_eps0.vnnlib
Networks/NET_1_1.5_5,Properties/prop_near0_eps0.vnnlib
Networks/NET_2_1.5_5,Properties/prop_near0_eps0.vnnlib
Networks/NET_0_1.5_5,Properties/prop_near0_eps20.vnnlib
Networks/NET_1_1.5_5,Properties/prop_near0_eps20.vnnlib
Networks/NET_2_1.5_5,Properties/prop_near0_eps20.vnnlib
