AC1.onnx,prop_vnnlib_AC1_eps_01.vnnlib,100
AC1.onnx,prop_vnnlib_AC1_eps_001.vnnlib,100
AC2.onnx,prop_vnnlib_AC2_eps_01.vnnlib,100
AC2.onnx,prop_vnnlib_AC2_eps_001.vnnlib,100
AC3.onnx,prop_vnnlib_AC3_eps_01.vnnlib,100
AC3.onnx,prop_vnnlib_AC3_eps_001.vnnlib,100
AC4.onnx,prop_vnnlib_AC4_eps_01.vnnlib,100
AC4.onnx,prop_vnnlib_AC4_eps_001.vnnlib,100
AC5.onnx,prop_vnnlib_AC5_eps_01.vnnlib,100
AC5.onnx,prop_vnnlib_AC5_eps_001.vnnlib,100
AC6.onnx,prop_vnnlib_AC6_eps_01.vnnlib,100
AC6.onnx,prop_vnnlib_AC6_eps_001.vnnlib,100
AC7.onnx,prop_vnnlib_AC7_eps_01.vnnlib,100
AC7.onnx,prop_vnnlib_AC7_eps_001.vnnlib,100
AC8.onnx,prop_vnnlib_AC8_eps_01.vnnlib,100
AC8.onnx,prop_vnnlib_AC8_eps_001.vnnlib,100